<?xml version="1.0" encoding="UTF-8"?>
<!DOCTYPE struts-config PUBLIC "-//Apache Software Foundation//DTD Struts 
Configuration 1.3//EN" "http://struts.apache.org/dtds/struts-config_1_3.dtd">
<struts-config>
	<form-beans>
		<form-bean name="nguoiDungForm" type="form.NguoiDungForm" />
		<form-bean name="danhSachSinhVienForm" type="form.DanhSachSinhVienForm" />
		<form-bean name="sinhVienForm" type="form.SinhVienForm" />
		<form-bean name="datVeForm" type="form.DatVeForm"></form-bean>
		<form-bean name="loginForm" type="form.LoginForm"></form-bean>
		<form-bean name="veXeForm" type="form.VeXeForm"></form-bean>
		<form-bean name="lichTrinhForm" type="form.LichTrinhForm" />
		<form-bean name="veXeForm" type="form.VeXeForm" />
		<form-bean name="accountForm" type="form.AccountForm" />
		<form-bean name="duLieuXeForm" type="form.DuLieuXeForm" />
	</form-beans>
	<action-mappings>
	
	
		<action name="lichTrinhForm" path="/index" scope="request" type="action.IndexAction">
			<forward name="index" path="/index.jsp" />
		</action>
	
		<action input="/index.jsp" name="datVeForm" path="/dat-ve" scope="request" type="action.DatVeAction">
			<forward name="checkOK" path="/chonXe.jsp" />
			<forward name="checkFail" path="/dangNhap.jsp" />
		</action>
		
		<action input="/index.jsp" name="loginForm" path="/login" scope="request" type="action.LoginAction">
			<forward name="thanhCong" path="/danh-sach.html" />
			<forward name="thatBai" path="/dangNhap.jsp" />
		</action>
		
		<action input="/chonXe.jsp" name="datVeForm" path="/chon-xe" scope="request" type="action.ChonXeAction">
			<forward name="checkOK" path="/danh-sach.html"  />
			<forward name="checkFail" path="/dangNhap.jsp" />
			<forward name="nhapThongTin" path="/nhapThongTin.jsp"  />
		</action>
		<action input="/chonXe.jsp" name="datVeForm" path="/thanh-toan" scope="request" type="action.VeXeAction">
			<forward name="checkOK" path="/thanhtoan.jsp"  />
			<forward name="checkFail" path="/dangNhap.jsp" />
			<forward name="nhapThongTin" path="/nhapThongTin.jsp"  />
		</action>
	
	
	
	
		<action input="/admin.jsp" name="lichTrinhForm" path="/ds-lich-trinh"
			scope="request" type="action.DanhSachLichTrinhAction">
			<forward name="listLichTrinh" path="/danhSachLichTrinh.jsp" />
		</action>
		<action input="/themLichTrinh.jsp" name="lichTrinhForm" path="/them-lich-trinh"
			scope="request" type="action.ThemLichTrinhAction" validate="true">
			<forward name="themLT" path="/themLichTrinh.jsp" />
			<forward name="themLTOK" path="/ds-lich-trinh.html" redirect="true" />
		</action>
		<action input="/suaLichTrinh.jsp" name="lichTrinhForm" path="/sua-lich-trinh"
			scope="request" type="action.SuaLichTrinhAction">
			<forward name="suaLT" path="/suaLichTrinh.jsp" />
			<forward name="suaLTOK" path="/ds-lich-trinh.html" redirect="true" />
		</action>
		<action name="lichTrinhForm" path="/xoa-lich-trinh"
			scope="request" type="action.XoaLichTrinhAction">
			<forward name="xoaLTFail" path="/ds-lich-trinh.html" />
			<forward name="xoaLTOK" path="/ds-lich-trinh.html" redirect="true" />
		</action>
		
		
		
		<action input="/admin.jsp" name="veXeForm" path="/ds-ve-xe"
			scope="request" type="action.DanhSachVeXeAction">
			<forward name="listVeXe" path="/danhSachVeXe.jsp" />
		</action>
		
		<action name="veXeForm" path="/xac-nhan-tt" scope="request" type="action.XacNhanThanhToanAction">
			<forward name="xacNhanOK" path="/ds-ve-xe.html" redirect="true" />
			<forward name="xacNhanFail" path="/ds-ve-xe.html" />
		</action>
		<action name="veXeForm" path="/xoa-ve-xe" scope="request" type="action.XoaVeXeAction">
			<forward name="xoaVXOK" path="/ds-ve-xe.html" redirect="true" />
			<forward name="xoaVXOKFail" path="/ds-ve-xe.html" />
		</action>
		
		
		<action input="/admin.jsp" name="duLieuXeForm" path="/ds-du-lieu-xe"
			scope="request" type="action.DanhSachDuLieuXeAction">
			<forward name="listDuLieuXe" path="/danhSachDuLieuXe.jsp" />
		</action>
		
		
		
		<action input="/register.jsp" name="accountForm" path="/dang-ky"
			scope="request" type="action.DangKyAction">
			<forward name="thanhCong" path="/ds-ve-xe.html" />
			<forward name="thatBai" path="/register.jsp" />
		</action>
		
		
		
		
		
		
		<action input="/dangNhap.jsp" name="nguoiDungForm" 
		path="/dang-nhap"
			scope="request" type="action.NguoiDungAction">
			<forward name="thanhCong" path="/danh-sach.html" />
			<forward name="thatBai" path="/dangNhap.jsp" />
		</action>
		
		
		<action input="/dangNhap.jsp" name="danhSachSinhVienForm" path="/danh-sach"
			scope="request" type="action.DanhSachSinhVienAction">
			<forward name="dsSinhVien" path="/danhSachSinhVien.jsp" />
		</action>

		<action input="/timKiemSinhVien.jsp" name="danhSachSinhVienForm"
			path="/timKiemSV" scope="request" type="action.TimKiemSinhVienAction">
			<forward name="timKiemSV" path="/timKiemSinhVien.jsp" />
		</action>

		<action input="/themSinhVien.jsp" name="sinhVienForm" path="/themSV"
			scope="request" type="action.ThemSinhVienAction" validate="true">
			<forward name="themSV" path="/themSinhVien.jsp" />
			<forward name="themSVerror" path="/themSinhVien.jsp" />
			<forward name="themSVxong" path="/danh-sach.do" redirect="true" />
		</action>
		
		<action input="/suaSinhVien.jsp" name="sinhVienForm" path="/suaSV"
			scope="request" type="action.SuaSinhVienAction">
			<forward name="suaSV" path="/suaSinhVien.jsp" />
			<forward name="suaSVxong" path="/danh-sach.do" redirect="true" />
		</action>
		
		<action name="sinhVienForm" path="/xoaSV"
			scope="request" type="action.XoaSinhVienAction">
			<forward name="xoaSVLoi" path="/danh-sach.do" />
			<forward name="xoaSVxong" path="/danh-sach.do" redirect="true" />
		</action>
	</action-mappings>
	<message-resources parameter="action.ApplicationResources" />

</struts-config>